myshell_00000152.java;0;myshell_00000147.java;97.6;1;myshell_00000004.java;93.7;2;myshell_00000148.java;43.1;3;myshell_00000086.java;36.0;4;myshell_00000137.java;30.2;
myshell_00000106.java;5;myshell_00000028.java;95.1;6;myshell_00000002.java;95.1;7;myshell_00000128.java;95.1;8;myshell_00000009.java;93.1;9;myshell_00000001.java;93.5;10;myshell_00000092.java;89.1;11;myshell_00000029.java;73.7;12;myshell_00000169.java;69.2;13;myshell_00000161.java;61.4;14;myshell_00000045.java;63.0;15;myshell_00000168.java;59.6;16;myshell_00000102.java;51.0;17;myshell_00000080.java;53.0;18;myshell_00000066.java;42.5;19;myshell_00000162.java;44.2;20;myshell_00000159.java;43.6;21;myshell_00000170.java;38.1;22;myshell_00000121.java;47.4;23;myshell_00000130.java;40.5;24;myshell_00000118.java;42.7;25;myshell_00000120.java;37.8;26;myshell_00000166.java;40.0;
myshell_00000028.java;27;myshell_00000002.java;95.1;28;myshell_00000128.java;95.1;29;myshell_00000009.java;93.1;30;myshell_00000001.java;93.5;31;myshell_00000092.java;89.1;32;myshell_00000029.java;73.7;33;myshell_00000169.java;69.2;34;myshell_00000161.java;61.4;35;myshell_00000045.java;63.0;36;myshell_00000168.java;59.6;37;myshell_00000102.java;51.0;38;myshell_00000080.java;53.0;39;myshell_00000066.java;42.5;40;myshell_00000162.java;44.2;41;myshell_00000159.java;43.6;42;myshell_00000170.java;38.1;43;myshell_00000121.java;47.4;44;myshell_00000130.java;40.5;45;myshell_00000118.java;42.7;46;myshell_00000120.java;37.8;47;myshell_00000166.java;40.0;
myshell_00000113.java;48;myshell_00000112.java;93.9;49;myshell_00000160.java;85.7;50;myshell_00000032.java;61.2;51;myshell_00000024.java;52.1;52;myshell_00000023.java;42.8;53;myshell_00000080.java;39.8;54;myshell_00000007.java;37.5;
myshell_00000002.java;55;myshell_00000128.java;95.1;56;myshell_00000009.java;93.1;57;myshell_00000001.java;93.5;58;myshell_00000092.java;89.1;59;myshell_00000029.java;73.7;60;myshell_00000169.java;69.2;61;myshell_00000161.java;61.4;62;myshell_00000045.java;63.0;63;myshell_00000168.java;59.6;64;myshell_00000102.java;51.0;65;myshell_00000080.java;53.0;66;myshell_00000066.java;42.5;67;myshell_00000162.java;44.2;68;myshell_00000159.java;43.6;69;myshell_00000170.java;38.1;70;myshell_00000121.java;47.4;71;myshell_00000130.java;40.5;72;myshell_00000118.java;42.7;73;myshell_00000120.java;37.8;74;myshell_00000166.java;40.0;
myshell_00000009.java;75;myshell_00000128.java;93.1;76;myshell_00000001.java;91.5;77;myshell_00000092.java;87.0;78;myshell_00000029.java;69.0;79;myshell_00000169.java;66.6;80;myshell_00000161.java;59.2;81;myshell_00000045.java;60.2;82;myshell_00000168.java;59.6;83;myshell_00000102.java;51.2;84;myshell_00000080.java;53.0;85;myshell_00000066.java;42.5;86;myshell_00000159.java;44.1;87;myshell_00000170.java;38.1;88;myshell_00000121.java;47.4;89;myshell_00000130.java;40.5;90;myshell_00000162.java;37.8;91;myshell_00000118.java;42.7;92;myshell_00000120.java;37.8;93;myshell_00000166.java;40.0;94;myshell_00000111.java;30.6;
myshell_00000128.java;95;myshell_00000001.java;91.0;96;myshell_00000092.java;86.7;97;myshell_00000029.java;73.7;98;myshell_00000169.java;69.2;99;myshell_00000161.java;61.4;100;myshell_00000045.java;63.0;101;myshell_00000168.java;59.6;102;myshell_00000102.java;49.6;103;myshell_00000080.java;53.0;104;myshell_00000066.java;42.5;105;myshell_00000162.java;44.2;106;myshell_00000159.java;43.6;107;myshell_00000170.java;38.1;108;myshell_00000121.java;47.4;109;myshell_00000130.java;40.5;110;myshell_00000120.java;37.8;111;myshell_00000118.java;42.7;
myshell_00000064.java;112;myshell_00000000.java;91.1;113;myshell_00000110.java;89.8;114;myshell_00000135.java;94.3;115;myshell_00000099.java;86.3;116;myshell_00000052.java;80.7;117;myshell_00000103.java;75.6;118;myshell_00000047.java;53.2;119;myshell_00000145.java;51.7;
myshell_00000053.java;120;myshell_00000039.java;91.7;121;myshell_00000015.java;41.9;122;myshell_00000121.java;37.0;123;myshell_00000060.java;41.7;124;myshell_00000168.java;36.7;
myshell_00000022.java;125;myshell_00000008.java;89.1;
myshell_00000041.java;126;myshell_00000167.java;89.2;127;myshell_00000038.java;86.4;128;myshell_00000158.java;70.0;129;myshell_00000145.java;51.7;130;myshell_00000124.java;40.1;131;myshell_00000017.java;50.7;132;myshell_00000072.java;47.6;133;myshell_00000102.java;39.0;134;myshell_00000149.java;39.2;135;myshell_00000154.java;45.0;136;myshell_00000172.java;33.3;137;myshell_00000031.java;41.1;138;myshell_00000043.java;43.5;139;myshell_00000155.java;38.2;140;myshell_00000135.java;42.2;141;myshell_00000099.java;39.0;142;myshell_00000157.java;53.7;
myshell_00000159.java;143;myshell_00000162.java;88.2;144;myshell_00000129.java;88.8;145;myshell_00000120.java;74.5;146;myshell_00000130.java;75.8;147;myshell_00000143.java;46.8;148;myshell_00000007.java;41.9;149;myshell_00000138.java;44.3;150;myshell_00000072.java;37.7;151;myshell_00000010.java;36.7;152;myshell_00000029.java;37.2;153;myshell_00000001.java;38.8;154;myshell_00000031.java;36.7;155;myshell_00000033.java;41.1;156;myshell_00000040.java;33.5;157;myshell_00000170.java;34.5;158;myshell_00000043.java;31.9;
myshell_00000087.java;159;myshell_00000003.java;89.2;160;myshell_00000012.java;39.6;161;myshell_00000007.java;40.4;162;myshell_00000025.java;41.3;
myshell_00000001.java;163;myshell_00000092.java;86.7;164;myshell_00000029.java;69.0;165;myshell_00000169.java;69.2;166;myshell_00000161.java;61.4;167;myshell_00000045.java;63.0;168;myshell_00000168.java;59.6;169;myshell_00000102.java;49.0;170;myshell_00000162.java;40.0;171;myshell_00000066.java;37.1;172;myshell_00000121.java;47.4;173;myshell_00000170.java;33.0;174;myshell_00000118.java;42.0;
myshell_00000162.java;175;myshell_00000129.java;88.4;176;myshell_00000130.java;84.7;177;myshell_00000120.java;76.8;178;myshell_00000143.java;46.1;179;myshell_00000138.java;44.3;180;myshell_00000164.java;41.5;181;myshell_00000072.java;37.3;182;myshell_00000010.java;36.3;183;myshell_00000170.java;38.9;184;myshell_00000007.java;36.5;185;myshell_00000031.java;36.8;186;myshell_00000040.java;33.1;187;myshell_00000029.java;33.6;
myshell_00000000.java;188;myshell_00000110.java;84.2;189;myshell_00000135.java;90.1;190;myshell_00000099.java;80.4;191;myshell_00000052.java;76.8;192;myshell_00000103.java;61.7;193;myshell_00000047.java;49.7;194;myshell_00000145.java;48.6;
myshell_00000160.java;195;myshell_00000112.java;81.2;196;myshell_00000032.java;80.6;197;myshell_00000024.java;68.6;198;myshell_00000023.java;46.6;199;myshell_00000007.java;45.8;200;myshell_00000080.java;39.0;201;myshell_00000121.java;36.8;202;myshell_00000130.java;36.0;
myshell_00000135.java;203;myshell_00000110.java;86.3;204;myshell_00000099.java;81.2;205;myshell_00000103.java;78.4;206;myshell_00000052.java;64.3;207;myshell_00000047.java;58.2;208;myshell_00000145.java;59.6;209;myshell_00000038.java;45.0;
myshell_00000037.java;210;myshell_00000119.java;81.2;211;myshell_00000117.java;79.6;
myshell_00000172.java;212;myshell_00000171.java;80.5;213;myshell_00000011.java;42.9;214;myshell_00000137.java;54.1;215;myshell_00000124.java;41.9;216;myshell_00000017.java;47.8;217;myshell_00000031.java;44.4;218;myshell_00000068.java;47.1;219;myshell_00000089.java;41.1;220;myshell_00000066.java;45.4;221;myshell_00000063.java;44.6;222;myshell_00000167.java;33.8;223;myshell_00000071.java;41.9;224;myshell_00000158.java;37.2;225;myshell_00000144.java;37.4;226;myshell_00000076.java;41.3;
myshell_00000068.java;227;myshell_00000071.java;81.6;228;myshell_00000054.java;49.0;229;myshell_00000072.java;44.8;230;myshell_00000116.java;60.3;231;myshell_00000031.java;40.0;232;myshell_00000011.java;49.5;233;myshell_00000023.java;42.6;234;myshell_00000043.java;37.3;235;myshell_00000156.java;39.6;236;myshell_00000061.java;39.6;237;myshell_00000017.java;34.4;238;myshell_00000062.java;34.4;239;myshell_00000144.java;36.3;240;myshell_00000075.java;32.6;241;myshell_00000066.java;31.4;242;myshell_00000145.java;36.3;
myshell_00000169.java;243;myshell_00000161.java;82.2;244;myshell_00000168.java;79.3;245;myshell_00000092.java;68.8;246;myshell_00000045.java;50.6;247;myshell_00000029.java;47.1;248;myshell_00000066.java;40.5;249;myshell_00000121.java;51.1;250;myshell_00000102.java;40.2;251;myshell_00000170.java;34.1;252;myshell_00000080.java;42.1;253;myshell_00000139.java;32.4;254;myshell_00000039.java;36.9;
myshell_00000038.java;255;myshell_00000167.java;78.4;256;myshell_00000158.java;67.0;257;myshell_00000145.java;42.3;258;myshell_00000072.java;45.3;259;myshell_00000154.java;45.5;260;myshell_00000010.java;45.1;261;myshell_00000132.java;49.7;262;myshell_00000171.java;31.6;263;myshell_00000129.java;43.6;264;myshell_00000017.java;41.7;
myshell_00000141.java;265;myshell_00000134.java;78.2;266;myshell_00000010.java;35.6;267;myshell_00000004.java;41.3;268;myshell_00000111.java;39.1;269;myshell_00000029.java;37.1;270;myshell_00000094.java;39.8;271;myshell_00000005.java;37.6;272;myshell_00000143.java;39.8;273;myshell_00000150.java;33.3;274;myshell_00000166.java;36.6;
myshell_00000114.java;275;myshell_00000085.java;82.1;276;myshell_00000146.java;53.7;277;myshell_00000168.java;37.2;278;myshell_00000040.java;37.8;279;myshell_00000118.java;36.5;280;myshell_00000125.java;31.8;281;myshell_00000080.java;35.3;282;myshell_00000116.java;41.4;283;myshell_00000004.java;34.4;
myshell_00000004.java;284;myshell_00000147.java;93.7;285;myshell_00000148.java;39.3;286;myshell_00000040.java;43.4;287;myshell_00000118.java;33.7;288;myshell_00000121.java;32.5;289;myshell_00000076.java;37.9;290;myshell_00000137.java;37.9;291;myshell_00000116.java;35.1;292;myshell_00000080.java;30.3;
myshell_00000110.java;293;myshell_00000099.java;75.1;294;myshell_00000052.java;73.7;295;myshell_00000103.java;68.8;296;myshell_00000047.java;50.2;297;myshell_00000145.java;41.2;
myshell_00000032.java;298;myshell_00000024.java;80.6;299;myshell_00000112.java;61.2;300;myshell_00000080.java;47.9;301;myshell_00000023.java;48.9;302;myshell_00000130.java;47.9;303;myshell_00000007.java;46.9;304;myshell_00000084.java;37.8;
myshell_00000130.java;305;myshell_00000120.java;74.7;306;myshell_00000129.java;74.1;307;myshell_00000007.java;43.1;308;myshell_00000080.java;42.8;309;myshell_00000143.java;39.1;310;myshell_00000045.java;39.4;311;myshell_00000010.java;37.6;312;myshell_00000138.java;37.3;313;myshell_00000024.java;41.7;314;myshell_00000170.java;39.4;315;myshell_00000029.java;39.4;316;myshell_00000156.java;37.6;317;myshell_00000040.java;34.7;
myshell_00000120.java;318;myshell_00000129.java;78.5;319;myshell_00000040.java;41.2;320;myshell_00000007.java;37.1;321;myshell_00000143.java;39.8;322;myshell_00000070.java;36.7;323;myshell_00000138.java;37.3;324;myshell_00000104.java;32.2;325;myshell_00000166.java;34.6;326;myshell_00000170.java;36.7;327;myshell_00000156.java;36.7;
myshell_00000166.java;328;myshell_00000165.java;74.0;329;myshell_00000104.java;62.0;330;myshell_00000121.java;54.0;331;myshell_00000143.java;48.9;332;myshell_00000118.java;46.2;333;myshell_00000148.java;44.0;334;myshell_00000080.java;41.4;335;myshell_00000136.java;56.6;336;myshell_00000108.java;47.3;337;myshell_00000134.java;44.0;338;myshell_00000029.java;47.3;339;myshell_00000151.java;43.3;340;myshell_00000139.java;47.3;341;myshell_00000062.java;44.0;342;myshell_00000094.java;35.8;343;myshell_00000040.java;43.3;344;myshell_00000016.java;36.0;345;myshell_00000010.java;40.0;346;myshell_00000138.java;34.5;347;myshell_00000109.java;43.3;348;myshell_00000137.java;39.3;349;myshell_00000007.java;34.0;350;myshell_00000088.java;36.6;351;myshell_00000072.java;37.3;352;myshell_00000161.java;40.6;
myshell_00000119.java;353;myshell_00000117.java;76.3;
myshell_00000092.java;354;myshell_00000045.java;73.5;355;myshell_00000029.java;65.6;356;myshell_00000161.java;58.6;357;myshell_00000168.java;63.5;358;myshell_00000102.java;47.6;359;myshell_00000066.java;42.5;360;myshell_00000080.java;51.0;361;myshell_00000170.java;33.8;362;myshell_00000121.java;43.7;
myshell_00000143.java;363;myshell_00000138.java;66.9;364;myshell_00000007.java;59.4;365;myshell_00000080.java;43.3;366;myshell_00000040.java;51.7;367;myshell_00000070.java;47.5;368;myshell_00000129.java;47.5;369;myshell_00000104.java;41.9;370;myshell_00000063.java;46.1;371;myshell_00000164.java;38.4;372;myshell_00000118.java;37.0;373;myshell_00000116.java;41.4;374;myshell_00000121.java;35.5;375;myshell_00000094.java;34.9;376;myshell_00000072.java;42.6;377;myshell_00000013.java;33.8;378;myshell_00000076.java;41.2;379;myshell_00000010.java;39.8;380;myshell_00000071.java;41.2;381;myshell_00000043.java;39.1;382;myshell_00000024.java;34.7;383;myshell_00000156.java;41.2;
myshell_00000168.java;384;myshell_00000161.java;73.8;385;myshell_00000102.java;58.6;386;myshell_00000066.java;40.3;387;myshell_00000121.java;45.9;388;myshell_00000029.java;38.4;389;myshell_00000139.java;36.9;390;myshell_00000060.java;35.9;391;myshell_00000076.java;33.0;392;myshell_00000085.java;33.0;393;myshell_00000067.java;32.4;394;myshell_00000003.java;39.5;395;myshell_00000039.java;33.9;396;myshell_00000170.java;32.5;
myshell_00000099.java;397;myshell_00000052.java;66.8;398;myshell_00000103.java;65.5;399;myshell_00000047.java;49.7;400;myshell_00000145.java;43.1;
myshell_00000140.java;401;myshell_00000019.java;75.1;628;myshell_00000116.java;54.0;657;myshell_00000118.java;39.3;786;myshell_00000085.java;30.5;
myshell_00000067.java;405;myshell_00000127.java;62.8;406;myshell_00000013.java;54.9;407;myshell_00000118.java;39.3;408;myshell_00000076.java;34.5;409;myshell_00000007.java;34.1;410;myshell_00000121.java;37.7;
myshell_00000025.java;411;myshell_00000012.java;68.7;403;myshell_00000019.java;43.2;412;myshell_00000003.java;38.7;
myshell_00000096.java;413;myshell_00000100.java;75.4;414;myshell_00000108.java;36.4;
myshell_00000167.java;415;myshell_00000158.java;66.8;416;myshell_00000145.java;47.2;417;myshell_00000017.java;49.2;418;myshell_00000124.java;36.7;419;myshell_00000154.java;46.9;420;myshell_00000011.java;34.7;421;myshell_00000102.java;37.6;422;myshell_00000010.java;43.6;
myshell_00000089.java;423;myshell_00000102.java;61.5;424;myshell_00000090.java;45.0;425;myshell_00000144.java;41.6;426;myshell_00000124.java;44.2;427;myshell_00000011.java;45.0;428;myshell_00000061.java;43.7;429;myshell_00000076.java;38.0;430;myshell_00000054.java;34.9;431;myshell_00000154.java;37.0;432;myshell_00000171.java;39.6;433;myshell_00000043.java;35.8;434;myshell_00000072.java;34.2;435;myshell_00000075.java;35.1;436;myshell_00000066.java;34.2;
myshell_00000094.java;437;myshell_00000095.java;60.8;438;myshell_00000138.java;36.6;
myshell_00000103.java;439;myshell_00000052.java;60.6;440;myshell_00000047.java;51.5;441;myshell_00000145.java;42.7;442;myshell_00000063.java;39.9;443;myshell_00000158.java;40.9;
myshell_00000072.java;444;myshell_00000043.java;53.5;445;myshell_00000061.java;55.0;446;myshell_00000156.java;48.6;447;myshell_00000154.java;42.2;448;myshell_00000132.java;45.1;449;myshell_00000138.java;50.7;450;myshell_00000031.java;40.7;451;myshell_00000071.java;39.3;452;myshell_00000153.java;44.9;453;myshell_00000011.java;48.1;454;myshell_00000010.java;37.8;455;myshell_00000090.java;37.0;456;myshell_00000144.java;38.4;457;myshell_00000023.java;40.2;458;myshell_00000149.java;39.3;459;myshell_00000129.java;35.2;460;myshell_00000014.java;35.7;461;myshell_00000054.java;35.6;462;myshell_00000164.java;40.2;463;myshell_00000062.java;33.3;464;myshell_00000076.java;33.3;465;myshell_00000063.java;33.3;466;myshell_00000116.java;48.6;467;myshell_00000033.java;45.3;468;myshell_00000157.java;39.4;469;myshell_00000077.java;35.2;470;myshell_00000075.java;31.7;
myshell_00000026.java;471;myshell_00000049.java;57.0;472;myshell_00000157.java;34.9;473;myshell_00000017.java;40.5;474;myshell_00000071.java;41.2;475;myshell_00000035.java;41.2;
myshell_00000115.java;476;myshell_00000074.java;85.8;
myshell_00000148.java;477;myshell_00000086.java;56.8;478;myshell_00000118.java;44.8;479;myshell_00000147.java;43.1;480;myshell_00000121.java;40.0;481;myshell_00000165.java;36.1;482;myshell_00000136.java;51.8;483;myshell_00000137.java;34.9;
myshell_00000161.java;484;myshell_00000045.java;54.7;485;myshell_00000066.java;47.3;486;myshell_00000029.java;41.1;487;myshell_00000088.java;41.3;488;myshell_00000102.java;35.7;489;myshell_00000121.java;46.6;490;myshell_00000137.java;34.7;
myshell_00000144.java;491;myshell_00000137.java;55.5;492;myshell_00000043.java;49.7;493;myshell_00000154.java;45.0;494;myshell_00000063.java;42.2;495;myshell_00000035.java;39.0;496;myshell_00000049.java;56.1;497;myshell_00000076.java;38.9;498;myshell_00000058.java;42.1;499;myshell_00000017.java;38.4;500;myshell_00000054.java;34.5;501;myshell_00000149.java;33.9;502;myshell_00000031.java;33.0;503;myshell_00000132.java;38.4;504;myshell_00000102.java;32.8;505;myshell_00000011.java;35.9;506;myshell_00000156.java;31.4;
myshell_00000024.java;507;myshell_00000112.java;52.1;602;myshell_00000080.java;41.7;641;myshell_00000023.java;41.7;689;myshell_00000007.java;38.2;
myshell_00000029.java;511;myshell_00000045.java;48.4;512;myshell_00000134.java;38.8;513;myshell_00000109.java;33.8;514;myshell_00000127.java;37.1;515;myshell_00000121.java;45.9;516;myshell_00000080.java;42.8;517;myshell_00000102.java;36.4;518;myshell_00000165.java;40.6;519;myshell_00000007.java;38.3;520;myshell_00000170.java;30.0;
myshell_00000011.java;521;myshell_00000171.java;47.9;522;myshell_00000031.java;47.0;523;myshell_00000043.java;46.8;524;myshell_00000124.java;35.2;525;myshell_00000158.java;40.0;526;myshell_00000063.java;42.2;527;myshell_00000153.java;34.0;528;myshell_00000145.java;34.0;529;myshell_00000102.java;33.7;530;myshell_00000054.java;37.0;531;myshell_00000142.java;36.8;
myshell_00000031.java;532;myshell_00000063.java;48.3;533;myshell_00000137.java;40.7;534;myshell_00000132.java;45.1;535;myshell_00000164.java;48.0;536;myshell_00000090.java;37.2;537;myshell_00000061.java;42.6;538;myshell_00000010.java;35.9;539;myshell_00000154.java;34.7;540;myshell_00000035.java;32.6;541;myshell_00000070.java;35.8;542;myshell_00000071.java;33.0;543;myshell_00000129.java;34.3;544;myshell_00000153.java;35.1;545;myshell_00000109.java;31.7;546;myshell_00000116.java;48.6;547;myshell_00000043.java;33.0;548;myshell_00000007.java;37.1;549;myshell_00000076.java;32.3;
myshell_00000043.java;550;myshell_00000054.java;49.2;551;myshell_00000014.java;42.4;552;myshell_00000154.java;40.6;553;myshell_00000122.java;49.7;554;myshell_00000063.java;37.7;555;myshell_00000156.java;40.1;556;myshell_00000071.java;36.8;557;myshell_00000061.java;39.6;558;myshell_00000023.java;39.6;559;myshell_00000077.java;36.9;560;myshell_00000049.java;45.4;561;myshell_00000153.java;39.2;562;myshell_00000132.java;35.0;563;myshell_00000080.java;38.7;564;myshell_00000017.java;32.0;565;myshell_00000035.java;33.4;566;myshell_00000109.java;33.4;567;myshell_00000139.java;33.4;568;myshell_00000171.java;41.1;569;myshell_00000040.java;30.6;
myshell_00000138.java;570;myshell_00000061.java;49.2;571;myshell_00000007.java;41.5;572;myshell_00000129.java;45.0;573;myshell_00000104.java;41.5;574;myshell_00000076.java;45.0;575;myshell_00000070.java;41.5;576;myshell_00000077.java;38.0;577;myshell_00000010.java;40.8;578;myshell_00000164.java;33.0;579;myshell_00000063.java;39.4;580;myshell_00000153.java;47.8;581;myshell_00000080.java;30.9;
myshell_00000121.java;582;myshell_00000165.java;48.1;583;myshell_00000104.java;51.1;584;myshell_00000125.java;48.8;585;myshell_00000136.java;53.0;586;myshell_00000080.java;41.4;587;myshell_00000118.java;35.5;588;myshell_00000062.java;43.7;589;myshell_00000108.java;42.9;590;myshell_00000017.java;42.2;591;myshell_00000137.java;41.4;592;myshell_00000045.java;40.7;593;myshell_00000039.java;34.0;
myshell_00000015.java;594;myshell_00000039.java;49.2;595;myshell_00000047.java;52.9;596;myshell_00000131.java;38.0;
myshell_00000080.java;597;myshell_00000007.java;46.9;598;myshell_00000016.java;40.1;599;myshell_00000116.java;44.1;600;myshell_00000014.java;43.5;601;myshell_00000109.java;48.9;509;myshell_00000112.java;38.3;603;myshell_00000118.java;35.1;604;myshell_00000104.java;38.0;605;myshell_00000125.java;36.0;606;myshell_00000060.java;42.1;607;myshell_00000070.java;36.0;608;myshell_00000085.java;38.0;609;myshell_00000142.java;40.1;610;myshell_00000044.java;34.0;611;myshell_00000139.java;40.8;612;myshell_00000083.java;51.7;
myshell_00000047.java;613;myshell_00000145.java;47.2;614;myshell_00000017.java;35.2;615;myshell_00000052.java;30.5;
myshell_00000154.java;616;myshell_00000063.java;41.7;617;myshell_00000153.java;43.1;618;myshell_00000061.java;40.2;619;myshell_00000090.java;35.6;620;myshell_00000077.java;36.9;621;myshell_00000149.java;37.5;622;myshell_00000054.java;34.7;623;myshell_00000017.java;30.9;624;myshell_00000075.java;31.2;
myshell_00000116.java;625;myshell_00000040.java;61.2;626;myshell_00000071.java;60.3;627;myshell_00000062.java;57.6;629;myshell_00000109.java;54.9;630;myshell_00000118.java;39.6;631;myshell_00000075.java;48.6;632;myshell_00000023.java;41.4;633;myshell_00000044.java;42.3;634;myshell_00000059.java;58.5;635;myshell_00000142.java;49.5;636;myshell_00000164.java;37.8;637;myshell_00000134.java;43.2;638;myshell_00000104.java;40.5;
myshell_00000023.java;639;myshell_00000061.java;42.0;508;myshell_00000112.java;42.8;640;myshell_00000017.java;39.6;642;myshell_00000093.java;38.4;643;myshell_00000063.java;37.8;644;myshell_00000054.java;39.0;645;myshell_00000071.java;35.9;
myshell_00000118.java;646;myshell_00000088.java;49.6;647;myshell_00000109.java;53.7;648;myshell_00000062.java;49.6;649;myshell_00000165.java;40.0;650;myshell_00000136.java;53.0;651;myshell_00000111.java;47.5;652;myshell_00000097.java;35.8;653;myshell_00000108.java;41.3;654;myshell_00000125.java;37.2;655;myshell_00000139.java;43.4;656;myshell_00000075.java;37.9;658;myshell_00000137.java;38.6;659;myshell_00000017.java;37.9;660;myshell_00000066.java;37.2;
myshell_00000040.java;661;myshell_00000104.java;44.3;662;myshell_00000060.java;40.5;663;myshell_00000070.java;38.9;664;myshell_00000048.java;39.1;665;myshell_00000007.java;41.9;666;myshell_00000010.java;37.3;667;myshell_00000109.java;38.2;668;myshell_00000085.java;33.3;669;myshell_00000150.java;34.3;
myshell_00000088.java;670;myshell_00000062.java;41.3;671;myshell_00000109.java;43.3;672;myshell_00000139.java;39.4;673;myshell_00000075.java;34.4;674;myshell_00000111.java;38.4;675;myshell_00000137.java;33.0;676;myshell_00000108.java;33.0;677;myshell_00000085.java;32.5;678;myshell_00000083.java;42.8;679;myshell_00000101.java;38.4;
myshell_00000136.java;680;myshell_00000165.java;56.6;681;myshell_00000139.java;67.4;682;myshell_00000045.java;57.8;
myshell_00000007.java;683;myshell_00000013.java;42.9;684;myshell_00000093.java;40.7;510;myshell_00000112.java;37.5;685;myshell_00000003.java;37.9;686;myshell_00000104.java;32.9;687;myshell_00000129.java;35.3;688;myshell_00000070.java;34.1;
myshell_00000054.java;690;myshell_00000061.java;47.9;691;myshell_00000071.java;38.3;692;myshell_00000171.java;44.4;693;myshell_00000063.java;36.6;694;myshell_00000017.java;34.2;695;myshell_00000066.java;33.3;
myshell_00000124.java;696;myshell_00000171.java;41.3;697;myshell_00000066.java;40.5;698;myshell_00000158.java;37.9;699;myshell_00000126.java;31.9;700;myshell_00000017.java;38.4;
myshell_00000076.java;701;myshell_00000062.java;39.4;702;myshell_00000125.java;41.7;703;myshell_00000070.java;36.4;704;myshell_00000164.java;40.9;705;myshell_00000048.java;36.1;706;myshell_00000104.java;35.3;707;myshell_00000111.java;35.2;708;myshell_00000013.java;38.7;709;myshell_00000066.java;31.4;
myshell_00000137.java;710;myshell_00000035.java;40.7;711;myshell_00000017.java;38.0;712;myshell_00000108.java;36.1;713;myshell_00000066.java;36.7;714;myshell_00000063.java;36.1;715;myshell_00000171.java;44.9;716;myshell_00000102.java;37.9;717;myshell_00000132.java;36.1;718;myshell_00000147.java;30.2;
myshell_00000066.java;719;myshell_00000171.java;53.1;720;myshell_00000102.java;44.4;721;myshell_00000035.java;39.6;722;myshell_00000017.java;34.2;723;myshell_00000109.java;33.8;
myshell_00000060.java;724;myshell_00000125.java;45.0;725;myshell_00000010.java;39.8;726;myshell_00000014.java;40.9;727;myshell_00000070.java;35.8;
myshell_00000048.java;728;myshell_00000059.java;41.3;729;myshell_00000111.java;30.9;
myshell_00000111.java;730;myshell_00000045.java;41.0;731;myshell_00000102.java;35.6;732;myshell_00000108.java;34.5;
myshell_00000102.java;733;myshell_00000045.java;43.3;734;myshell_00000061.java;40.8;
myshell_00000055.java;735;myshell_00000083.java;42.2;784;myshell_00000109.java;43.9;
myshell_00000105.java;737;myshell_00000164.java;38.1;738;myshell_00000006.java;48.3;739;myshell_00000062.java;38.8;
myshell_00000062.java;740;myshell_00000108.java;36.8;741;myshell_00000109.java;36.6;742;myshell_00000042.java;34.8;743;myshell_00000075.java;31.7;744;myshell_00000139.java;32.1;
myshell_00000139.java;745;myshell_00000101.java;40.8;746;myshell_00000109.java;36.0;747;myshell_00000108.java;35.4;748;myshell_00000165.java;41.2;404;myshell_00000019.java;35.9;
myshell_00000010.java;749;myshell_00000070.java;37.4;750;myshell_00000129.java;33.8;751;myshell_00000164.java;37.0;752;myshell_00000153.java;36.8;
myshell_00000017.java;753;myshell_00000061.java;40.8;754;myshell_00000035.java;36.1;755;myshell_00000171.java;45.0;756;myshell_00000071.java;31.9;
myshell_00000150.java;757;myshell_00000104.java;37.0;758;myshell_00000134.java;35.9;759;myshell_00000142.java;35.4;
myshell_00000014.java;760;myshell_00000081.java;39.3;761;myshell_00000142.java;37.3;762;myshell_00000122.java;41.4;
myshell_00000101.java;402;myshell_00000019.java;35.7;785;myshell_00000085.java;36.5;
myshell_00000145.java;763;myshell_00000091.java;41.9;
myshell_00000147.java;764;myshell_00000086.java;36.0;
myshell_00000163.java;765;myshell_00000069.java;52.9;
myshell_00000071.java;766;myshell_00000049.java;47.9;767;myshell_00000156.java;33.4;768;myshell_00000035.java;31.6;
myshell_00000082.java;769;myshell_00000013.java;38.0;
myshell_00000098.java;770;myshell_00000095.java;33.1;
myshell_00000142.java;771;myshell_00000081.java;32.9;
myshell_00000129.java;772;myshell_00000156.java;36.2;787;myshell_00000033.java;41.1;
myshell_00000063.java;774;myshell_00000134.java;34.1;776;myshell_00000153.java;37.5;
myshell_00000108.java;777;myshell_00000165.java;38.0;778;myshell_00000100.java;34.8;
myshell_00000146.java;779;myshell_00000044.java;46.2;780;myshell_00000107.java;48.3;
myshell_00000134.java;775;myshell_00000016.java;35.2;
myshell_00000109.java;736;myshell_00000083.java;38.5;
myshell_00000104.java;781;myshell_00000093.java;33.7;
myshell_00000035.java;782;myshell_00000034.java;35.7;
myshell_00000156.java;773;myshell_00000153.java;33.4;
myshell_00000149.java;783;myshell_00000132.java;39.5;
